Note Id,created_at,content,author_name,zoho_lead_id
zcrm_480426000003152663,2026-04-20 17:30:34,no reply,Katya,zcrm_480426000002028444
zcrm_480426000003152680,2026-04-20 17:37:41,no response,Katya,zcrm_480426000002028456
zcrm_480426000003152714,2026-04-20 17:38:08,junk,Katya,zcrm_480426000002028481
zcrm_480426000003152697,2026-04-20 17:37:54,no response <br><span><br></span>,Katya,zcrm_480426000002028503
zcrm_480426000003152799,2026-04-20 17:46:43,no response,Katya,zcrm_480426000002028505
zcrm_480426000003152816,2026-04-20 17:47:02,no revert,Katya,zcrm_480426000002037386
zcrm_480426000003152765,2026-04-20 17:45:59,no reply,Katya,zcrm_480426000002041412
zcrm_480426000003152748,2026-04-20 17:45:47,no reply,Katya,zcrm_480426000002052437
zcrm_480426000002483125,2026-04-04 11:02:06,"no response , done 4 follow ups",Katya,zcrm_480426000002060468
zcrm_480426000002483176,2026-04-04 15:59:48,"3 follow ups done , no revert",Katya,zcrm_480426000002060469
zcrm_480426000002483193,2026-04-04 16:00:18,"3 follow ups done , no revert",Katya,zcrm_480426000002060470
zcrm_480426000002410256,2026-04-03 18:05:40,He declined that he didnt tap/fill any add,Katya,zcrm_480426000002060471
zcrm_480426000002483210,2026-04-04 16:04:21,"follow up done 3 times , no revert",Katya,zcrm_480426000002060472
zcrm_480426000003152731,2026-04-20 17:45:26,no response,Katya,zcrm_480426000002060473
zcrm_480426000003152782,2026-04-20 17:46:21,no revert,Katya,zcrm_480426000002060474
zcrm_480426000003156266,2026-04-21 10:20:56,no reply,Katya,zcrm_480426000002060475
zcrm_480426000004831072,2026-06-02 10:35:24,not interested,Katya,zcrm_480426000002060475
zcrm_480426000003156436,2026-04-21 10:47:01,no reply,Katya,zcrm_480426000002060476
zcrm_480426000003157037,2026-04-21 11:04:48,no reply,Katya,zcrm_480426000002060477
zcrm_480426000003157173,2026-04-21 11:12:14,not responding,Katya,zcrm_480426000002060478
zcrm_480426000003157481,2026-04-21 11:30:49,no reply,Katya,zcrm_480426000002060479
zcrm_480426000003157652,2026-04-21 11:41:15,no reply,Katya,zcrm_480426000002060480
zcrm_480426000003158568,2026-04-21 12:17:27,did not respond,Katya,zcrm_480426000002060481
zcrm_480426000003156657,2026-04-21 10:56:49,no reply,Katya,zcrm_480426000002060482
zcrm_480426000003159010,2026-04-21 12:23:03,no reply,Katya,zcrm_480426000002060483
zcrm_480426000003157139,2026-04-21 11:11:23,no reply,Katya,zcrm_480426000002060484
zcrm_480426000003157122,2026-04-21 11:10:48,no reply,Katya,zcrm_480426000002060485
zcrm_480426000003159095,2026-04-21 12:25:25,no reply,Katya,zcrm_480426000002060486
zcrm_480426000003157071,2026-04-21 11:07:26,no reply,Katya,zcrm_480426000002060487
zcrm_480426000003157088,2026-04-21 11:07:40,no reply,Katya,zcrm_480426000002060488
zcrm_480426000003157156,2026-04-21 11:11:53,no reply,Katya,zcrm_480426000002060489
zcrm_480426000003157054,2026-04-21 11:05:00,no reply,Katya,zcrm_480426000002060490
zcrm_480426000003156640,2026-04-21 10:56:23,didnt respond,Katya,zcrm_480426000002060491
zcrm_480426000002656029,2026-04-07 09:35:24,"no response , 4 follow ups down",Katya,zcrm_480426000002060492
zcrm_480426000003157105,2026-04-21 11:10:38,no reply,Katya,zcrm_480426000002060492
zcrm_480426000003159044,2026-04-21 12:24:57,no reply,Katya,zcrm_480426000002060493
zcrm_480426000003159061,2026-04-21 12:25:07,no reply,Katya,zcrm_480426000002060494
zcrm_480426000003156691,2026-04-21 10:57:21,no response,Katya,zcrm_480426000002060495
zcrm_480426000003158959,2026-04-21 12:22:26,no reply<br><span><br></span>,Katya,zcrm_480426000002060496
zcrm_480426000003158993,2026-04-21 12:22:56,no reply,Katya,zcrm_480426000002060497
zcrm_480426000003158109,2026-04-21 11:52:25,no reply,Katya,zcrm_480426000002060498
zcrm_480426000003158908,2026-04-21 12:21:44,no reply,Katya,zcrm_480426000002060499
zcrm_480426000003159027,2026-04-21 12:23:12,no reply,Katya,zcrm_480426000002060500
zcrm_480426000003156572,2026-04-21 10:54:38,not serious,Katya,zcrm_480426000002060501
zcrm_480426000003158891,2026-04-21 12:21:30,no reply,Katya,zcrm_480426000002060502
zcrm_480426000003158976,2026-04-21 12:22:34,no reply,Katya,zcrm_480426000002060503
zcrm_480426000003156589,2026-04-21 10:54:55,no reply,Katya,zcrm_480426000002060504
zcrm_480426000003158874,2026-04-21 12:21:18,no reply,Katya,zcrm_480426000002060505
zcrm_480426000003156674,2026-04-21 10:57:01,no reply,Katya,zcrm_480426000002060506
zcrm_480426000003159078,2026-04-21 12:25:17,did not respond,Katya,zcrm_480426000002060508
zcrm_480426000003158942,2026-04-21 12:22:14,did not reply,Katya,zcrm_480426000002060509
zcrm_480426000003156555,2026-04-21 10:54:23,no reply,Katya,zcrm_480426000002060510
zcrm_480426000003158857,2026-04-21 12:21:04,not responding,Katya,zcrm_480426000002060511
zcrm_480426000003158925,2026-04-21 12:22:03,no reply,Katya,zcrm_480426000002060512
zcrm_480426000003156419,2026-04-21 10:46:50,did not click any add,Katya,zcrm_480426000002060513
zcrm_480426000003156623,2026-04-21 10:56:07,no reply,Katya,zcrm_480426000002060514
zcrm_480426000003156470,2026-04-21 10:48:25,no reply,Katya,zcrm_480426000002060515
zcrm_480426000003156385,2026-04-21 10:46:26,no responding,Katya,zcrm_480426000002060517
zcrm_480426000003158755,2026-04-21 12:19:36,no reply,Katya,zcrm_480426000002060518
zcrm_480426000003156504,2026-04-21 10:51:48,no reply,Katya,zcrm_480426000002060519
zcrm_480426000003156487,2026-04-21 10:51:39,no reply,Katya,zcrm_480426000002060520
zcrm_480426000003116068,2026-04-20 15:34:09,<p>No response</p>,Vikram,zcrm_480426000002060521
zcrm_480426000003156521,2026-04-21 10:52:05,no reply,Katya,zcrm_480426000002060522
zcrm_480426000003156351,2026-04-21 10:45:58,not responding,Katya,zcrm_480426000002060523
zcrm_480426000003156317,2026-04-21 10:24:14,no reply,Katya,zcrm_480426000002060524
zcrm_480426000003156538,2026-04-21 10:52:14,no reply,Katya,zcrm_480426000002060525
zcrm_480426000003156368,2026-04-21 10:46:12,no reply,Katya,zcrm_480426000002060526
zcrm_480426000003156232,2026-04-21 10:19:42,no response,Katya,zcrm_480426000002060528
zcrm_480426000003156249,2026-04-21 10:19:53,no reply,Katya,zcrm_480426000002060529
zcrm_480426000003156283,2026-04-21 10:23:33,no reply,Katya,zcrm_480426000002060530
zcrm_480426000003156198,2026-04-21 10:18:45,no reply,Katya,zcrm_480426000002060531
zcrm_480426000003156402,2026-04-21 10:46:38,no reply,Katya,zcrm_480426000002060532
zcrm_480426000003156334,2026-04-21 10:45:31,not responding,Katya,zcrm_480426000002060533
zcrm_480426000003156215,2026-04-21 10:18:56,no reply,Katya,zcrm_480426000002060534
zcrm_480426000003156606,2026-04-21 10:55:53,no reply,Katya,zcrm_480426000002060535
zcrm_480426000003156164,2026-04-21 10:17:56,no reply,Katya,zcrm_480426000002060536
zcrm_480426000003156453,2026-04-21 10:48:16,no reply,Katya,zcrm_480426000002060537
zcrm_480426000003156181,2026-04-21 10:18:20,no reply,Katya,zcrm_480426000002060538
zcrm_480426000003156147,2026-04-21 10:17:38,no reply,Katya,zcrm_480426000002060539
zcrm_480426000003156130,2026-04-21 10:17:26,no reply,Katya,zcrm_480426000002060540
zcrm_480426000003158789,2026-04-21 12:20:05,no reply,Katya,zcrm_480426000002060541
zcrm_480426000003158840,2026-04-21 12:20:48,no reply,Katya,zcrm_480426000002060542
zcrm_480426000003158704,2026-04-21 12:19:06,no response,Katya,zcrm_480426000002060543
zcrm_480426000003158772,2026-04-21 12:19:55,no reply,Katya,zcrm_480426000002060544
zcrm_480426000003158721,2026-04-21 12:19:14,did not reply,Katya,zcrm_480426000002060545
zcrm_480426000003158687,2026-04-21 12:18:56,no response,Katya,zcrm_480426000002060546
zcrm_480426000003158823,2026-04-21 12:20:26,no reply,Katya,zcrm_480426000002060547
zcrm_480426000003158653,2026-04-21 12:18:16,not responding,Katya,zcrm_480426000002060548
zcrm_480426000003158670,2026-04-21 12:18:35,no response,Katya,zcrm_480426000002060549
zcrm_480426000003158517,2026-04-21 12:16:50,no response,Katya,zcrm_480426000002060550
zcrm_480426000003156708,2026-04-21 10:58:03,no reply,Katya,zcrm_480426000002060551
zcrm_480426000003158636,2026-04-21 12:18:05,did not reply,Katya,zcrm_480426000002060552
zcrm_480426000003158500,2026-04-21 12:16:39,did not respond,Katya,zcrm_480426000002060553
zcrm_480426000003152839,2026-04-21 10:05:19,no response,Katya,zcrm_480426000002060554
zcrm_480426000003152646,2026-04-20 16:01:23,no reply,Katya,zcrm_480426000002060555
zcrm_480426000003156041,2026-04-21 10:08:20,no resposne,Katya,zcrm_480426000002060556
zcrm_480426000003158619,2026-04-21 12:17:56,no response,Katya,zcrm_480426000002060557
zcrm_480426000003158262,2026-04-21 11:57:54,no response,Katya,zcrm_480426000002060558
zcrm_480426000003152952,2026-04-21 10:06:33,no reply,Katya,zcrm_480426000002060559
zcrm_480426000003158602,2026-04-21 12:17:46,no reply,Katya,zcrm_480426000002060560
zcrm_480426000003158534,2026-04-21 12:17:04,no responsde,Katya,zcrm_480426000002060561
zcrm_480426000003158551,2026-04-21 12:17:14,no reply,Katya,zcrm_480426000002060562
zcrm_480426000003158432,2026-04-21 12:14:54,did not reply,Katya,zcrm_480426000002060563
zcrm_480426000003158041,2026-04-21 11:50:34,did not respond,Katya,zcrm_480426000002060564
zcrm_480426000003158092,2026-04-21 11:51:04,no reply,Katya,zcrm_480426000002060565
zcrm_480426000003158585,2026-04-21 12:17:37,no response,Katya,zcrm_480426000002060566
zcrm_480426000003158738,2026-04-21 12:19:23,did not reply,Katya,zcrm_480426000002060567
zcrm_480426000003158330,2026-04-21 12:13:26,no reply,Katya,zcrm_480426000002060569
zcrm_480426000003158449,2026-04-21 12:15:02,no reply,Katya,zcrm_480426000002060570
zcrm_480426000003158177,2026-04-21 11:54:05,no reply,Katya,zcrm_480426000002060571
zcrm_480426000003158415,2026-04-21 12:14:47,no response,Katya,zcrm_480426000002060572
zcrm_480426000003158296,2026-04-21 12:13:01,no reply,Katya,zcrm_480426000002060573
zcrm_480426000003158381,2026-04-21 12:14:04,no reply,Katya,zcrm_480426000002060574
zcrm_480426000003158313,2026-04-21 12:13:13,no reply,Katya,zcrm_480426000002060575
zcrm_480426000003158806,2026-04-21 12:20:14,did not reply,Katya,zcrm_480426000002060576
zcrm_480426000003158279,2026-04-21 12:12:52,no reply,Katya,zcrm_480426000002060577
zcrm_480426000003158466,2026-04-21 12:15:11,no reply,Katya,zcrm_480426000002060578
zcrm_480426000003158245,2026-04-21 11:57:45,no reply,Katya,zcrm_480426000002060579
zcrm_480426000003157922,2026-04-21 11:48:33,no reply,Katya,zcrm_480426000002060580
zcrm_480426000003158160,2026-04-21 11:53:53,did not click add,Katya,zcrm_480426000002060581
zcrm_480426000003158228,2026-04-21 11:57:36,no reply,Katya,zcrm_480426000002060582
zcrm_480426000003157905,2026-04-21 11:48:22,did not click any add,Katya,zcrm_480426000002060583
zcrm_480426000003157956,2026-04-21 11:48:58,no reply,Katya,zcrm_480426000002060584
zcrm_480426000003158364,2026-04-21 12:13:54,no reply,Katya,zcrm_480426000002060585
zcrm_480426000003158075,2026-04-21 11:50:55,did not reply,Katya,zcrm_480426000002060586
zcrm_480426000003158347,2026-04-21 12:13:43,no reply,Katya,zcrm_480426000002060587
zcrm_480426000003158211,2026-04-21 11:55:02,no reply,Katya,zcrm_480426000002060588
zcrm_480426000003158398,2026-04-21 12:14:33,no reply,Katya,zcrm_480426000002060589
zcrm_480426000003158058,2026-04-21 11:50:43,no reply,Katya,zcrm_480426000002060590
zcrm_480426000004831094,2026-06-02 10:36:29,he is not interested,Katya,zcrm_480426000002060590
zcrm_480426000003158126,2026-04-21 11:52:36,no reply,Katya,zcrm_480426000002060596
zcrm_480426000003158024,2026-04-21 11:50:23,no reply,Katya,zcrm_480426000002060597
zcrm_480426000003158143,2026-04-21 11:52:45,did not respond,Katya,zcrm_480426000002060598
zcrm_480426000003157464,2026-04-21 11:29:30,no response,Katya,zcrm_480426000002060599
zcrm_480426000003157888,2026-04-21 11:48:12,no reply,Katya,zcrm_480426000002060600
zcrm_480426000003157990,2026-04-21 11:50:04,no reply,Katya,zcrm_480426000002060601
zcrm_480426000003157854,2026-04-21 11:47:48,no resposne,Katya,zcrm_480426000002060602
zcrm_480426000003157939,2026-04-21 11:48:46,did not respond,Katya,zcrm_480426000002060603
zcrm_480426000003157973,2026-04-21 11:49:49,no reply,Katya,zcrm_480426000002060604
zcrm_480426000003157820,2026-04-21 11:46:14,no reply,Katya,zcrm_480426000002060605
zcrm_480426000003157769,2026-04-21 11:45:41,no reply,Katya,zcrm_480426000002060606
zcrm_480426000003157837,2026-04-21 11:47:37,no reply,Katya,zcrm_480426000002060607
zcrm_480426000002483251,2026-04-04 16:05:39,no  response - 3 follow ups done,Katya,zcrm_480426000002060608
zcrm_480426000002242077,2026-03-31 09:36:10,"Tried to call but no answer , have connected via Whatsapp , awaiting response",Katya,zcrm_480426000002060609
zcrm_480426000003157786,2026-04-21 11:45:53,no resposne,Katya,zcrm_480426000002060609
zcrm_480426000003157803,2026-04-21 11:46:04,no resposne,Katya,zcrm_480426000002060610
zcrm_480426000004578266,2026-05-22 17:25:21,Have to call tomorrow he was driving,Vikram,zcrm_480426000002060610
zcrm_480426000002242197,2026-03-31 09:42:08,messaged via whatsapp,Katya,zcrm_480426000002060611
zcrm_480426000003158007,2026-04-21 11:50:14,did not respond,Katya,zcrm_480426000002060611
zcrm_480426000002242240,2026-03-31 09:44:51,Connected via whatsapp,Katya,zcrm_480426000002060612
zcrm_480426000002242256,2026-03-31 09:47:31,"asked for watch brands , pdf is shared",Katya,zcrm_480426000002060612
zcrm_480426000003157871,2026-04-21 11:47:58,no reply,Katya,zcrm_480426000002060612
zcrm_480426000002242299,2026-03-31 09:56:59,connected via whatsapp,Katya,zcrm_480426000002060613
zcrm_480426000003157735,2026-04-21 11:42:06,no reply,Katya,zcrm_480426000002060613
zcrm_480426000002242342,2026-03-31 09:58:13,Connected via Whatsapp,Katya,zcrm_480426000002060614
zcrm_480426000003158194,2026-04-21 11:54:39,no reply,Katya,zcrm_480426000002060614
zcrm_480426000002242154,2026-03-31 09:40:00,have messaged via Whatsapp,Katya,zcrm_480426000002060615
zcrm_480426000003157752,2026-04-21 11:45:27,no reply,Katya,zcrm_480426000002060615
zcrm_480426000002242385,2026-03-31 09:59:53,messaged on whatsapp,Katya,zcrm_480426000002060616
zcrm_480426000002242428,2026-03-31 10:01:02,messaged on whatsapp,Katya,zcrm_480426000002060617
zcrm_480426000003157587,2026-04-21 11:39:51,did not tap add,Katya,zcrm_480426000002060617
zcrm_480426000002242484,2026-03-31 10:09:42,have shared our catalogue,Katya,zcrm_480426000002060618
zcrm_480426000002242517,2026-03-31 10:12:12,messaged via Whatsapp,Katya,zcrm_480426000002060619
zcrm_480426000002242532,2026-03-31 10:12:43,connected via whatsapp <br><span><br></span>,Katya,zcrm_480426000002060619
zcrm_480426000002242623,2026-03-31 10:26:45,"askd for watches , shared our brochure",Katya,zcrm_480426000002060619
zcrm_480426000003157406,2026-04-21 11:28:20,no reply,Katya,zcrm_480426000002060619
zcrm_480426000002242565,2026-03-31 10:13:53,"connected on whatsapp , on 20th , did follow up again today",Katya,zcrm_480426000002060620
zcrm_480426000003157423,2026-04-21 11:28:39,no reply,Katya,zcrm_480426000002060620
zcrm_480426000002242608,2026-03-31 10:26:21,connected via Whatsapp,Katya,zcrm_480426000002060621
zcrm_480426000003157522,2026-04-21 11:39:17,no reply,Katya,zcrm_480426000002060621
zcrm_480426000002242697,2026-03-31 11:23:43,reached out via Whastapp,Katya,zcrm_480426000002060622
zcrm_480426000002242713,2026-03-31 11:30:03,not interested,Katya,zcrm_480426000002060622
zcrm_480426000003157635,2026-04-21 11:41:01,no reply,Katya,zcrm_480426000002060623
zcrm_480426000003157389,2026-04-21 11:28:10,no reply,Katya,zcrm_480426000002060624
zcrm_480426000003157546,2026-04-21 11:39:29,did not respond,Katya,zcrm_480426000002060625
zcrm_480426000003157447,2026-04-21 11:29:17,no reply,Katya,zcrm_480426000002060626
zcrm_480426000003157505,2026-04-21 11:39:06,no reply,Katya,zcrm_480426000002060627
zcrm_480426000003157317,2026-04-21 11:24:45,no reply,Katya,zcrm_480426000002060628
zcrm_480426000003157718,2026-04-21 11:41:56,no reply,Katya,zcrm_480426000002060629
zcrm_480426000003157221,2026-04-21 11:14:22,no reply,Katya,zcrm_480426000002060630
zcrm_480426000003157245,2026-04-21 11:14:39,did not reply,Katya,zcrm_480426000002060631
zcrm_480426000003157341,2026-04-21 11:25:27,no reply,Katya,zcrm_480426000002060632
zcrm_480426000003157293,2026-04-21 11:19:59,no response,Katya,zcrm_480426000002060633
zcrm_480426000003157020,2026-04-21 11:04:06,no reply,Katya,zcrm_480426000002060634
zcrm_480426000003157269,2026-04-21 11:16:07,no reply,Katya,zcrm_480426000002060635
zcrm_480426000003157694,2026-04-21 11:41:45,no reply,Katya,zcrm_480426000002060636
zcrm_480426000003156972,2026-04-21 11:03:24,no reply,Katya,zcrm_480426000002060637
zcrm_480426000003156948,2026-04-21 11:02:12,no reply,Katya,zcrm_480426000002060638
zcrm_480426000003157365,2026-04-21 11:28:00,no reply,Katya,zcrm_480426000002060639
zcrm_480426000003156996,2026-04-21 11:03:45,no reply,Katya,zcrm_480426000002060640
zcrm_480426000003156876,2026-04-21 11:00:06,no reply,Katya,zcrm_480426000002060641
zcrm_480426000003156828,2026-04-21 10:59:43,no reply,Katya,zcrm_480426000002060642
zcrm_480426000003157611,2026-04-21 11:40:23,no reply,Katya,zcrm_480426000002060643
zcrm_480426000003156852,2026-04-21 10:59:55,no reply,Katya,zcrm_480426000002060644
zcrm_480426000003156924,2026-04-21 11:01:05,no reply,Katya,zcrm_480426000002060645
zcrm_480426000003156756,2026-04-21 10:58:42,no reply,Katya,zcrm_480426000002060646
zcrm_480426000003156780,2026-04-21 10:59:07,no reply,Katya,zcrm_480426000002060647
zcrm_480426000003156900,2026-04-21 11:00:49,no reply,Katya,zcrm_480426000002060648
zcrm_480426000003156732,2026-04-21 10:58:23,no reply,Katya,zcrm_480426000002060649
zcrm_480426000003156065,2026-04-21 10:08:33,no reply,Katya,zcrm_480426000002060650
zcrm_480426000003156804,2026-04-21 10:59:28,no reply,Katya,zcrm_480426000002060651
zcrm_480426000003157570,2026-04-21 11:39:41,did not reply,Katya,zcrm_480426000002060652
zcrm_480426000003157197,2026-04-21 11:14:12,no reply,Katya,zcrm_480426000002060653
zcrm_480426000003153000,2026-04-21 10:07:46,no reply,Katya,zcrm_480426000002060654
zcrm_480426000003156024,2026-04-21 10:08:05,no reply,Katya,zcrm_480426000002060655
zcrm_480426000003156089,2026-04-21 10:12:33,he said he didnt click any add,Katya,zcrm_480426000002060656
zcrm_480426000003152911,2026-04-21 10:05:55,no reply,Katya,zcrm_480426000002060657
zcrm_480426000003152887,2026-04-21 10:05:44,no reply,Katya,zcrm_480426000002060658
zcrm_480426000003156113,2026-04-21 10:12:49,no reply,Katya,zcrm_480426000002060659
zcrm_480426000003152976,2026-04-21 10:07:34,no reply,Katya,zcrm_480426000002060661
zcrm_480426000003152935,2026-04-21 10:06:11,no reply,Katya,zcrm_480426000002060662
zcrm_480426000003152629,2026-04-20 16:01:04,no reply,Katya,zcrm_480426000002060663
zcrm_480426000003152605,2026-04-20 16:00:53,no reply,Katya,zcrm_480426000002060664
zcrm_480426000003152863,2026-04-21 10:05:31,no reply,Katya,zcrm_480426000002060665
zcrm_480426000003152581,2026-04-20 16:00:37,no response,Katya,zcrm_480426000002060666
zcrm_480426000003151159,2026-04-20 15:34:16,no response,Katya,zcrm_480426000002060667
zcrm_480426000002242008,2026-03-30 09:42:15,NO  REPSONSES,Katya,zcrm_480426000002060669
zcrm_480426000003151473,2026-04-20 15:40:05,no resposne,Katya,zcrm_480426000002060669
zcrm_480426000003151548,2026-04-20 15:41:20,no response,Katya,zcrm_480426000002060670
zcrm_480426000003151691,2026-04-20 15:44:07,no reply,Katya,zcrm_480426000002060671
zcrm_480426000002242093,2026-03-31 09:36:44,not responding on call or message,Katya,zcrm_480426000002072224
zcrm_480426000003151176,2026-04-20 15:34:33,no response,Katya,zcrm_480426000002134345
zcrm_480426000003151193,2026-04-20 15:34:44,no response,Katya,zcrm_480426000002134618
zcrm_480426000003151210,2026-04-20 15:34:56,noresponse,Katya,zcrm_480426000002134619
zcrm_480426000003151261,2026-04-20 15:35:57,no respose,Katya,zcrm_480426000002134620
zcrm_480426000003151227,2026-04-20 15:35:14,no response,Katya,zcrm_480426000002134621
zcrm_480426000003151244,2026-04-20 15:35:33,no response,Katya,zcrm_480426000002134622
zcrm_480426000003151708,2026-04-20 15:44:22,no reply,Katya,zcrm_480426000002134623
zcrm_480426000003151951,2026-04-20 15:46:52,no reply,Katya,zcrm_480426000002134624
zcrm_480426000003151968,2026-04-20 15:47:07,no reply,Katya,zcrm_480426000002134625
zcrm_480426000003151934,2026-04-20 15:46:41,no reply,Katya,zcrm_480426000002134626
zcrm_480426000003151917,2026-04-20 15:46:29,no reply,Katya,zcrm_480426000002134627
zcrm_480426000003151852,2026-04-20 15:45:49,no reply<br><span><br></span>,Katya,zcrm_480426000002134628
zcrm_480426000003151876,2026-04-20 15:46:04,no reply,Katya,zcrm_480426000002134629
zcrm_480426000003151900,2026-04-20 15:46:17,no reply,Katya,zcrm_480426000002134630
zcrm_480426000003151828,2026-04-20 15:45:38,no reply,Katya,zcrm_480426000002134631
zcrm_480426000003151804,2026-04-20 15:45:25,no reponse,Katya,zcrm_480426000002134632
zcrm_480426000003151780,2026-04-20 15:45:08,no reply,Katya,zcrm_480426000002134633
zcrm_480426000003151756,2026-04-20 15:44:53,no response,Katya,zcrm_480426000002134634
zcrm_480426000003151732,2026-04-20 15:44:39,no reply,Katya,zcrm_480426000002134635
zcrm_480426000003151985,2026-04-20 15:47:20,no reply,Katya,zcrm_480426000002134636
zcrm_480426000003152162,2026-04-20 15:51:36,no reply,Katya,zcrm_480426000002134637
zcrm_480426000003152179,2026-04-20 15:51:54,no reply,Katya,zcrm_480426000002134638
zcrm_480426000003152196,2026-04-20 15:52:06,no reply,Katya,zcrm_480426000002134639
zcrm_480426000002242110,2026-03-31 09:38:01,no responses,Katya,zcrm_480426000002134640
zcrm_480426000002166002,2026-03-27 17:28:06,He claimed he did not tap on any ad and is not interested,Katya,zcrm_480426000002134641
zcrm_480426000003152213,2026-04-20 15:52:21,no reply,Katya,zcrm_480426000002188079
zcrm_480426000002374052,2026-04-02 10:21:38,<p>Lead is unable to understand what we are talking about </p>,Katya,zcrm_480426000002188193
zcrm_480426000003152264,2026-04-20 15:53:10,noreply,Katya,zcrm_480426000002200002
zcrm_480426000003152281,2026-04-20 15:53:22,no reply,Katya,zcrm_480426000002200239
zcrm_480426000004578278,2026-05-22 17:28:01,Don't want to buy it at Premium,Vikram,zcrm_480426000002200239
zcrm_480426000003152298,2026-04-20 15:53:39,no reply,Katya,zcrm_480426000002207197
zcrm_480426000003152002,2026-04-20 15:47:33,no reply,Katya,zcrm_480426000002228001
zcrm_480426000003152315,2026-04-20 15:53:50,no reply,Katya,zcrm_480426000002228275
zcrm_480426000003152332,2026-04-20 15:54:01,no reply,Katya,zcrm_480426000002233081
zcrm_480426000003152349,2026-04-20 15:54:16,no reply,Katya,zcrm_480426000002235236
zcrm_480426000002165091,2026-03-30 18:10:26,follow up 1:hjhj,Katya,zcrm_480426000002241078
zcrm_480426000002314056,2026-04-01 11:24:24,Follow up 1: jhvjhg,Katya,zcrm_480426000002290001
zcrm_480426000002410240,2026-04-03 11:11:31,"No response to the call , messaged via whatsapp",Katya,zcrm_480426000002389122
zcrm_480426000003152388,2026-04-20 15:54:55,no reply,Katya,zcrm_480426000002389122
zcrm_480426000003152423,2026-04-20 15:55:47,no rpely,Katya,zcrm_480426000002397047
zcrm_480426000003152440,2026-04-20 15:56:09,no reply,Katya,zcrm_480426000002398002
zcrm_480426000003152468,2026-04-20 15:56:32,no reply,Katya,zcrm_480426000002449001
zcrm_480426000003152502,2026-04-20 15:56:55,no reply,Katya,zcrm_480426000002615094
zcrm_480426000003085056,2026-04-20 15:33:50,<p>No response</p>,Vikram,zcrm_480426000002620031
zcrm_480426000003152485,2026-04-20 15:56:43,no reply,Katya,zcrm_480426000002670073
zcrm_480426000003152519,2026-04-20 15:57:07,no reply,Katya,zcrm_480426000002676067
zcrm_480426000003113027,2026-04-20 15:33:28,<p>Not available </p>,Vikram,zcrm_480426000002683094
zcrm_480426000003152536,2026-04-20 15:57:25,no reply,Katya,zcrm_480426000002690103
zcrm_480426000003166160,2026-04-22 18:00:35,"First outreach was 7th April, there was no response. Sent her day 1.",Meghana Singh,zcrm_480426000002696051
zcrm_480426000003166165,2026-04-22 18:02:24,"Answered the call today, asked how much the membership was and when I said 4L, she asked to send details over whatsapp and she will get back later.",Meghana Singh,zcrm_480426000002696051
zcrm_480426000003166341,2026-04-23 12:17:20,"Since she reacted strongly about the 4L, sent her the pricing and benefits again.",Meghana Singh,zcrm_480426000002696051
zcrm_480426000003260801,2026-04-26 17:51:14,No response,Meghana Singh,zcrm_480426000002696051
zcrm_480426000003278275,2026-04-27 17:18:44,Non responsive since the start,Meghana Singh,zcrm_480426000002696051
zcrm_480426000003114024,2026-04-20 15:32:45,<p>Didn’t respond</p>,Vikram,zcrm_480426000002712114
zcrm_480426000003152553,2026-04-20 15:59:49,no resposne,Katya,zcrm_480426000002765003
zcrm_480426000002810033,2026-04-11 15:45:17,<p>No MR. Love is gonna buy what we are selling</p>,Vikram,zcrm_480426000002787061
zcrm_480426000003152230,2026-04-20 15:52:42,no reply,Katya,zcrm_480426000002808240
zcrm_480426000002893064,2026-04-15 09:56:20,<p>No response</p>,Vikram,zcrm_480426000002829060
zcrm_480426000002880163,2026-04-15 09:56:39,<p>No response</p>,Vikram,zcrm_480426000002829147
zcrm_480426000003152247,2026-04-20 15:52:53,no reply,Katya,zcrm_480426000002840001
zcrm_480426000003151056,2026-04-20 15:30:21,no response,Katya,zcrm_480426000002843031
zcrm_480426000003151019,2026-04-20 15:29:50,no response,Katya,zcrm_480426000002845031
zcrm_480426000003152145,2026-04-20 15:50:06,no reply,Katya,zcrm_480426000002845060
zcrm_480426000003152036,2026-04-20 15:48:19,no reply,Katya,zcrm_480426000002845118
zcrm_480426000003076132,2026-04-20 15:32:16,<p>Didn’t respond </p>,Vikram,zcrm_480426000002845267
zcrm_480426000003133053,2026-04-20 15:31:45,<p>No response</p>,Vikram,zcrm_480426000002845358
zcrm_480426000003063088,2026-04-20 15:31:29,<p>Didn’t respond</p>,Vikram,zcrm_480426000002845449
zcrm_480426000003152053,2026-04-20 15:48:32,no reply,Katya,zcrm_480426000002845605
zcrm_480426000003152128,2026-04-20 15:49:56,no reply,Katya,zcrm_480426000002856061
zcrm_480426000002940188,2026-04-15 09:38:41,no response,Katya,zcrm_480426000002856180
zcrm_480426000003152111,2026-04-20 15:49:47,no reply,Katya,zcrm_480426000002856371
zcrm_480426000003152094,2026-04-20 15:49:38,no reply,Katya,zcrm_480426000002856403
zcrm_480426000003152019,2026-04-20 15:48:05,no reply,Katya,zcrm_480426000002856525
zcrm_480426000002864029,2026-04-13 09:28:59,<p>NO response </p>,Vikram,zcrm_480426000002861059
zcrm_480426000003151667,2026-04-20 15:43:52,no response,Katya,zcrm_480426000002861118
zcrm_480426000002940310,2026-04-16 09:46:41,"no response on call , no whatsapp on this number",Katya,zcrm_480426000002861302
zcrm_480426000003151650,2026-04-20 15:43:28,no response,Katya,zcrm_480426000002861515
zcrm_480426000003151633,2026-04-20 15:43:13,no response,Katya,zcrm_480426000002866063
zcrm_480426000003135130,2026-04-20 15:28:11,<p>No response</p>,Vikram,zcrm_480426000002866121
zcrm_480426000003091024,2026-04-20 15:27:56,<p>No response </p>,Vikram,zcrm_480426000002866322
zcrm_480426000003080094,2026-04-20 15:24:43,<p>False lead</p>,Vikram,zcrm_480426000002872483
zcrm_480426000003269068,2026-04-27 10:45:42,not connected,Harsh Gupta,zcrm_480426000002872519
zcrm_480426000003142010,2026-04-20 15:21:30,<p>False lead </p>,Vikram,zcrm_480426000002872616
zcrm_480426000003067042,2026-04-20 15:19:57,<p>No response</p>,Vikram,zcrm_480426000002872813
zcrm_480426000003139044,2026-04-20 15:19:26,<p>No response</p>,Vikram,zcrm_480426000002879031
zcrm_480426000003075015,2026-04-20 15:19:12,<p>No response</p>,Vikram,zcrm_480426000002879061
zcrm_480426000003107046,2026-04-20 15:18:58,<p>No response </p>,Vikram,zcrm_480426000002879090
zcrm_480426000003151616,2026-04-20 15:42:43,no response,Katya,zcrm_480426000002879303
zcrm_480426000002885039,2026-04-13 09:24:39,<p>Wtich watch hoe many rs</p><br><br><p>This is the response that i got </p>,Vikram,zcrm_480426000002884002
zcrm_480426000003151599,2026-04-20 15:42:07,no response,Katya,zcrm_480426000002884119
zcrm_480426000003151582,2026-04-20 15:41:53,no response,Katya,zcrm_480426000002884241
zcrm_480426000003135113,2026-04-20 15:18:33,<p>False leads</p>,Vikram,zcrm_480426000002884396
zcrm_480426000003151524,2026-04-20 15:41:02,no response,Katya,zcrm_480426000002884551
zcrm_480426000002869053,2026-04-13 09:16:51,<p>Just some random person putting random numbers</p>,Vikram,zcrm_480426000002887119
zcrm_480426000003109041,2026-04-20 15:15:40,<p>False lead</p>,Vikram,zcrm_480426000002887277
zcrm_480426000003083039,2026-04-20 15:15:21,<p>False lead</p>,Vikram,zcrm_480426000002887339
zcrm_480426000003151565,2026-04-20 15:41:39,no response,Katya,zcrm_480426000002887429
zcrm_480426000003151507,2026-04-20 15:40:47,no response,Katya,zcrm_480426000002894212
zcrm_480426000003151490,2026-04-20 15:40:32,no response,Katya,zcrm_480426000002894276
zcrm_480426000003152077,2026-04-20 15:49:04,testing,Katya,zcrm_480426000002894308
zcrm_480426000002889047,2026-04-13 09:17:21,<p>Lack of information</p>,Vikram,zcrm_480426000002898123
zcrm_480426000002940164,2026-04-15 09:38:16,"wrong number , wrong information",Katya,zcrm_480426000002898123
zcrm_480426000002907043,2026-04-13 09:17:45,<p>Same issue as mentioned earlier</p>,Vikram,zcrm_480426000002898186
zcrm_480426000002848083,2026-04-15 09:50:51,<p>No response</p>,Vikram,zcrm_480426000002898221
zcrm_480426000003151431,2026-04-20 15:38:57,no response,Katya,zcrm_480426000002898253
zcrm_480426000003151414,2026-04-20 15:38:43,no response,Katya,zcrm_480426000002898582
zcrm_480426000003151397,2026-04-20 15:38:27,no response,Katya,zcrm_480426000002903097
zcrm_480426000003151380,2026-04-20 15:38:10,no response,Katya,zcrm_480426000002903129
zcrm_480426000003151363,2026-04-20 15:37:54,no response,Katya,zcrm_480426000002903222
zcrm_480426000003151346,2026-04-20 15:37:30,no response,Katya,zcrm_480426000002903358
zcrm_480426000003151329,2026-04-20 15:37:16,no response,Katya,zcrm_480426000002903451
zcrm_480426000003151312,2026-04-20 15:36:48,no response,Katya,zcrm_480426000002906030
zcrm_480426000003151295,2026-04-20 15:36:34,no response,Katya,zcrm_480426000002906211
zcrm_480426000003151278,2026-04-20 15:36:19,no response,Katya,zcrm_480426000002911001
zcrm_480426000002846240,2026-04-15 10:05:51,<p>No response</p>,Vikram,zcrm_480426000002911118
zcrm_480426000002940077,2026-04-13 12:16:15,false lead,Katya,zcrm_480426000002911179
zcrm_480426000002869101,2026-04-15 09:50:02,<p>Just random filled form with contact 12345678</p>,Vikram,zcrm_480426000002911269
zcrm_480426000003151135,2026-04-20 15:33:57,no response,Katya,zcrm_480426000002911398
zcrm_480426000002940053,2026-04-13 12:15:52,fake lead,Katya,zcrm_480426000002931061
zcrm_480426000003151107,2026-04-20 15:32:38,no reponse,Katya,zcrm_480426000002931217
zcrm_480426000003151090,2026-04-20 15:31:01,No Response,Katya,zcrm_480426000002931249
zcrm_480426000003151073,2026-04-20 15:30:41,no resposne,Katya,zcrm_480426000002931488
zcrm_480426000002914088,2026-04-15 10:03:36,<p>No response</p>,Vikram,zcrm_480426000002933002
zcrm_480426000002873091,2026-04-13 09:18:07,<p>Same issue as mentioned earlier</p>,Vikram,zcrm_480426000002933031
zcrm_480426000002846106,2026-04-14 14:24:57,<p>Not our targeted lead just curious nothing else</p>,Vikram,zcrm_480426000002933092
zcrm_480426000002858097,2026-04-14 14:23:53,<p>Texted followed up no response</p>,Vikram,zcrm_480426000002933124
zcrm_480426000002905092,2026-04-14 14:18:57,<p>Not willing to buy just curious about watches</p>,Vikram,zcrm_480426000002933219
zcrm_480426000003151002,2026-04-20 15:29:09,no repsonses,Katya,zcrm_480426000002933431
zcrm_480426000004000058,2026-05-11 11:42:04,no reply,Harsh Gupta,zcrm_480426000003688224
zcrm_480426000003932045,2026-05-11 10:06:20,<p>Have sent all details she asked for but no revert </p>,Vikram,zcrm_480426000003692036
zcrm_480426000003860020,2026-05-07 14:53:33,<p>Called her she asked for sharing the pictures of the bags with pricing post that no response at all</p>,Vikram,zcrm_480426000003733050
zcrm_480426000004000048,2026-05-11 11:41:02,no reply,Harsh Gupta,zcrm_480426000003796034
zcrm_480426000004000014,2026-05-11 11:39:17,no reply,Harsh Gupta,zcrm_480426000003867084
zcrm_480426000003868033,2026-05-08 13:44:16,<p>So i dont want to encourage a phone call kindly dont call again</p>,Vikram,zcrm_480426000003883094
zcrm_480426000003946043,2026-05-11 10:03:24,<p>Have texted her waiting for revert</p>,Vikram,zcrm_480426000003885119
zcrm_480426000003895008,2026-05-07 13:31:32,she mentioned her child accidnetally clicked the add she isnt looking for anything as of now,Katya,zcrm_480426000003887050
zcrm_480426000003916040,2026-05-11 10:01:33,<p>Have texted her first will wait for her revert</p>,Vikram,zcrm_480426000003905019
zcrm_480426000004037008,2026-05-14 10:11:10,"called on 13th May , no answer",Katya,zcrm_480426000003952200
zcrm_480426000004037013,2026-05-14 10:13:38,sent follow up messsage on 14th may,Katya,zcrm_480426000003952200
zcrm_480426000004037024,2026-05-14 10:17:07,called on 14th MAy  morning,Katya,zcrm_480426000003952217
zcrm_480426000004037061,2026-05-14 10:23:34,,Katya,zcrm_480426000003952217
zcrm_480426000004083006,2026-05-14 12:55:02,<p>Have texted waiting for the revert </p>,Vikram,zcrm_480426000003963310
zcrm_480426000004014162,2026-05-14 09:27:07,No Connect <br>Unusual number . Looks Fake,Amit Agarwal,zcrm_480426000003991323
zcrm_480426000004014168,2026-05-14 09:27:59,"Look Fake . Name , Number ??",Amit Agarwal,zcrm_480426000003991323
zcrm_480426000004831032,2026-06-02 10:30:47,no  response,Katya,zcrm_480426000003991323
zcrm_480426000003999023,2026-05-13 18:11:27,"user busy , will follow  up tommorow morning",Katya,zcrm_480426000003992322
zcrm_480426000004037015,2026-05-14 10:14:00,sent follow up message on 14th May,Katya,zcrm_480426000003992322
zcrm_480426000004037036,2026-05-14 10:18:06,Called on 14th May morning,Katya,zcrm_480426000003992372
zcrm_480426000004037059,2026-05-14 10:23:23,sent a whatsapp message after call as he did not answer,Katya,zcrm_480426000003992372
zcrm_480426000004037070,2026-05-14 12:03:44,"messaged him on whatsapp as he did not answer the call , then he said he did it by mistake but would still want to know what Indulge is , have shared all details and brochures",Katya,zcrm_480426000003992404
zcrm_480426000004092001,2026-05-14 12:49:08,<p>Have texted waiting for the revert </p>,Vikram,zcrm_480426000003995300
zcrm_480426000004037048,2026-05-14 10:20:28,"Client answered  , asked to share more details on Indulge  , in the meantime said will share screenshot of what he liked on the add later in the day",Katya,zcrm_480426000003996155
zcrm_480426000004037054,2026-05-14 10:21:28,Called on 14th May morning . did not revert,Katya,zcrm_480426000003996155
zcrm_480426000004038009,2026-05-14 12:48:35,<p>Have texted her waiting for the revert </p>,Vikram,zcrm_480426000003996171
zcrm_480426000004057003,2026-05-14 12:48:04,<p>Have texted her waiting for the revert </p>,Vikram,zcrm_480426000004028002
zcrm_480426000004110008,2026-05-14 17:14:14,"Called the client , no revert, sent whatsapp message",Katya,zcrm_480426000004028019
zcrm_480426000004037082,2026-05-14 12:04:10,She did not revert over phonecall . have sent her a whatsapp message,Katya,zcrm_480426000004063001
zcrm_480426000004185312,2026-05-15 13:27:26,Number was Busy<br>Sent intro msg,Amit Agarwal,zcrm_480426000004105133
zcrm_480426000004197098,2026-05-16 15:09:16,"did not respond , will send details via whatsapp",Katya,zcrm_480426000004105150
zcrm_480426000004452782,2026-05-21 15:45:52,shared details on whatsapp,Katya,zcrm_480426000004105291
zcrm_480426000004197086,2026-05-16 15:05:45,asked to share details via whatsapp,Katya,zcrm_480426000004112101
zcrm_480426000004291009,2026-05-18 11:31:02,no response today as well,Katya,zcrm_480426000004112101
zcrm_480426000004291015,2026-05-18 11:31:17,not responding on  call or message,Katya,zcrm_480426000004112101
zcrm_480426000004291031,2026-05-18 11:43:52,"he was jsut scrolling , not interested",Katya,zcrm_480426000004112183
zcrm_480426000004831048,2026-06-02 10:32:35,shared catalogue via whatsapp,Katya,zcrm_480426000004112199
zcrm_480426000004831122,2026-06-02 10:40:28,shared the catalogue,Katya,zcrm_480426000004112354
zcrm_480426000004185324,2026-05-15 14:06:14,"Advertising He loves travelling . He is 40 , seperated , staying with Parents .Sister in US <br>Had  detailed discussion , asked him and his Sister to Onboard as he plans to visit Australia soon . Just been to Tokyo <br>Totally  Vegetarian . He will go through the details and call may be on Sunday for any queries",Amit Agarwal,zcrm_480426000004122069
zcrm_480426000004186034,2026-05-15 15:33:46,sent details,Kaniisha Chamarria,zcrm_480426000004122086
zcrm_480426000004185457,2026-05-15 16:41:31,Connected briefly as he was not able to hear properly . Sent details and asked him to call,Amit Agarwal,zcrm_480426000004122103
zcrm_480426000004831134,2026-06-02 10:41:00,not interested,Katya,zcrm_480426000004122235
zcrm_480426000004831150,2026-06-02 10:41:31,must have clciked by mistake,Katya,zcrm_480426000004122252
zcrm_480426000004185298,2026-05-15 13:19:17,Spoke,Amit Agarwal,zcrm_480426000004130036
zcrm_480426000004185303,2026-05-15 13:25:45,"He is a 29 years old Bachelor , Student . Was checking details as his Dad loves watches<br>He was heading for his Friday Prayers , so he suggested that he will get back to discuss more ..........",Amit Agarwal,zcrm_480426000004130036
zcrm_480426000004197056,2026-05-16 14:59:58,asked to share details,Katya,zcrm_480426000004130036
zcrm_480426000004185397,2026-05-15 15:15:53,She spoke but she was travelling . Suggested to call tomorrow around 10.0 am,Amit Agarwal,zcrm_480426000004130053
zcrm_480426000004291087,2026-05-18 13:06:55,"shared details , awaiting confirmation",Katya,zcrm_480426000004130119
zcrm_480426000004186046,2026-05-15 15:34:00,sent details,Kaniisha Chamarria,zcrm_480426000004141035
zcrm_480426000004197062,2026-05-16 15:01:35,sharingdetails on whatsapp,Katya,zcrm_480426000004141035
zcrm_480426000004486048,2026-05-21 17:28:26,he is not interested in purchasing,Katya,zcrm_480426000004141103
zcrm_480426000004831178,2026-06-02 10:56:50,shared catalogue,Katya,zcrm_480426000004141185
zcrm_480426000004831190,2026-06-02 10:58:11,shared catalogue via whatsapp,Katya,zcrm_480426000004141201
zcrm_480426000004831202,2026-06-02 11:00:17,shared the catalogue via whatsapp,Katya,zcrm_480426000004141235
zcrm_480426000004831226,2026-06-02 11:17:10,not interested,Katya,zcrm_480426000004141351
zcrm_480426000004831254,2026-06-02 12:08:04,shared details,Katya,zcrm_480426000004151019
zcrm_480426000004186058,2026-05-15 15:34:10,sent details,Kaniisha Chamarria,zcrm_480426000004151070
zcrm_480426000004185433,2026-05-15 16:33:02,Number is Busy . Sent intro msg,Amit Agarwal,zcrm_480426000004151087
zcrm_480426000004197044,2026-05-16 14:55:19,"user is busy , message of watch details shared",Katya,zcrm_480426000004151087
zcrm_480426000004197122,2026-05-16 15:14:56,sharing details via whatsapp,Katya,zcrm_480426000004151122
zcrm_480426000004291059,2026-05-18 11:55:54,"just was going through so clicked , she does not want to purchase",Katya,zcrm_480426000004151154
zcrm_480426000004870116,2026-06-03 11:58:39,he is interested in procuring the Green Ap watch,Katya,zcrm_480426000004151203
zcrm_480426000004291047,2026-05-18 11:50:38,clicked on the add by mistake,Katya,zcrm_480426000004168052
zcrm_480426000004291075,2026-05-18 12:49:44,"did not receive the call , have set message via whatsapp",Katya,zcrm_480426000004168068
zcrm_480426000004870088,2026-06-03 11:51:53,"he was busy , he said he will send me a model and wants the cost for it but once he is free",Katya,zcrm_480426000004168128
zcrm_480426000004870302,2026-06-03 12:27:39,he said must be a mistake,Katya,zcrm_480426000004168145
zcrm_480426000004870100,2026-06-03 11:53:37,he has moved on from it,Katya,zcrm_480426000004168249
zcrm_480426000004197146,2026-05-16 15:29:53,"did not answer phone , will share details via whatsapp",Katya,zcrm_480426000004169150
zcrm_480426000004831166,2026-06-02 10:51:59,shared catalogue,Katya,zcrm_480426000004169230
zcrm_480426000004870270,2026-06-03 12:24:30,no response over phone call,Katya,zcrm_480426000004169281
zcrm_480426000004291115,2026-05-19 11:04:13,he clicked by mistake and is not intrinterested,Katya,zcrm_480426000004169382
zcrm_480426000004185445,2026-05-15 16:37:43,"NR , sent intro msg",Amit Agarwal,zcrm_480426000004174020
zcrm_480426000004197032,2026-05-16 14:50:13,asked to share details,Katya,zcrm_480426000004174020
zcrm_480426000004197038,2026-05-16 14:54:27,asked to share swatch details,Katya,zcrm_480426000004174020
zcrm_480426000004186106,2026-05-15 15:35:08,sent details,Kaniisha Chamarria,zcrm_480426000004177052
zcrm_480426000004186094,2026-05-15 15:34:58,sent details,Kaniisha Chamarria,zcrm_480426000004177070
zcrm_480426000004185469,2026-05-15 16:45:07,"NR , sent intro msg",Amit Agarwal,zcrm_480426000004177087
zcrm_480426000004197014,2026-05-16 14:46:52,"no response on call , cannot send Whatsapp message as it isnt refelcting on Whatsapp",Katya,zcrm_480426000004177087
zcrm_480426000004186082,2026-05-15 15:34:35,sent details,Kaniisha Chamarria,zcrm_480426000004179035
zcrm_480426000004197008,2026-05-16 14:46:13,in conversation for Swatch,Katya,zcrm_480426000004179069
zcrm_480426000004291099,2026-05-18 13:19:59,mistake,Katya,zcrm_480426000004179120
zcrm_480426000004197026,2026-05-16 14:47:45,Asked to call back,Katya,zcrm_480426000004183018
zcrm_480426000004197110,2026-05-16 15:12:19,phone off will share details via whatsapp,Katya,zcrm_480426000004183052
zcrm_480426000004197134,2026-05-16 15:27:48,sharing details on whatsapp,Katya,zcrm_480426000004183068
zcrm_480426000004186070,2026-05-15 15:34:22,sent details,Kaniisha Chamarria,zcrm_480426000004189001
zcrm_480426000004197050,2026-05-16 14:57:01,phone was off,Katya,zcrm_480426000004189001
zcrm_480426000004831060,2026-06-02 10:34:06,shared the catalogue on whatsapp,Katya,zcrm_480426000004189282
zcrm_480426000004128034,2026-05-16 14:59:12,<p>No real details</p>,Vikram,zcrm_480426000004192001
zcrm_480426000004197074,2026-05-16 15:02:35,cutting my call,Katya,zcrm_480426000004192018
zcrm_480426000004291003,2026-05-18 11:30:14,no response on  call or message,Katya,zcrm_480426000004192018
zcrm_480426000004197158,2026-05-16 15:32:24,"he is not interested , by mistakee",Katya,zcrm_480426000004192038
zcrm_480426000004197164,2026-05-16 15:32:37,tapped by mistake,Katya,zcrm_480426000004192038
zcrm_480426000004831110,2026-06-02 10:39:11,shared the catalogue,Katya,zcrm_480426000004192136
zcrm_480426000004831214,2026-06-02 11:16:29,shared the catalogue via whatsapp,Katya,zcrm_480426000004192203
zcrm_480426000004870318,2026-06-03 12:28:49,does not want to purchase,Katya,zcrm_480426000004199018
zcrm_480426000004870286,2026-06-03 12:26:04,he is not interested,Katya,zcrm_480426000004199120
zcrm_480426000004578248,2026-05-22 17:23:23,Have to send details but WhatsApp is blocked,Vikram,zcrm_480426000004199364
zcrm_480426000004870226,2026-06-03 12:20:35,asked to send quotation on whatsapp,Katya,zcrm_480426000004199445
zcrm_480426000004578226,2026-05-22 17:19:36,Not interested,Vikram,zcrm_480426000004199462
zcrm_480426000004870254,2026-06-03 12:23:25,he has said not intereted he already purchased the watch,Katya,zcrm_480426000004199479
zcrm_480426000004578210,2026-05-22 17:16:46,Wrong number,Vikram,zcrm_480426000004199496
zcrm_480426000004870182,2026-06-03 12:08:37,he said not interested and asked not to call,Katya,zcrm_480426000004199513
zcrm_480426000004578201,2026-05-22 17:14:31,Out of budget but will let us know if he can stretch the budget,Vikram,zcrm_480426000004208017
zcrm_480426000004870210,2026-06-03 12:18:10,name and number do not match . wrong number,Katya,zcrm_480426000004208034
zcrm_480426000004578193,2026-05-22 17:10:09,RNR,Vikram,zcrm_480426000004208051
zcrm_480426000004870198,2026-06-03 12:16:44,given quote for blue AP,Katya,zcrm_480426000004208102
zcrm_480426000004870238,2026-06-03 12:21:44,"he has not tapped any campaign , if so then by mistake",Katya,zcrm_480426000004208152
zcrm_480426000004578178,2026-05-22 17:08:54,Itna mehnga nahi chahiye,Vikram,zcrm_480426000004208271
zcrm_480426000004870166,2026-06-03 12:07:21,number is showing invalid,Katya,zcrm_480426000004208288
zcrm_480426000004870072,2026-06-03 11:47:23,tapped by mistake,Katya,zcrm_480426000004208337
zcrm_480426000004870150,2026-06-03 12:06:03,"he is not interested in procuring , jusgt tapped because it is trending",Katya,zcrm_480426000004208404
zcrm_480426000004578166,2026-05-22 17:05:17,Have to send details whatsapp is blocked as of now,Vikram,zcrm_480426000004208421
zcrm_480426000004870128,2026-06-03 12:03:15,no response,Katya,zcrm_480426000004210034
zcrm_480426000004870134,2026-06-03 12:04:49,"he thought we are a showroom , he is not interested",Katya,zcrm_480426000004210034
zcrm_480426000004452021,2026-05-20 12:55:23,message has been shared he did not answer the call,Katya,zcrm_480426000004210051
zcrm_480426000004870056,2026-06-03 11:46:53,"he does not remember coming accross our add, and is not interested.",Katya,zcrm_480426000004210215
zcrm_480426000004870044,2026-06-03 11:39:55,called but no response,Katya,zcrm_480426000004210266
zcrm_480426000004870032,2026-06-03 11:38:05,"have given a call , no response.",Katya,zcrm_480426000004218068
zcrm_480426000004452890,2026-05-21 17:11:27,send details,Katya,zcrm_480426000004218102
zcrm_480426000004870020,2026-06-03 11:33:53,will do a follow up call as my whatsapp is blocked,Katya,zcrm_480426000004218154
zcrm_480426000004831824,2026-06-02 15:08:04,shared details,Katya,zcrm_480426000004218319
zcrm_480426000004831812,2026-06-02 15:07:45,shared details on whatsapp,Katya,zcrm_480426000004218335
zcrm_480426000004831800,2026-06-02 15:01:36,detail of brochure shared,Katya,zcrm_480426000004218351
zcrm_480426000004452374,2026-05-21 13:12:13,shared details via whatsapp,Katya,zcrm_480426000004218369
zcrm_480426000004831788,2026-06-02 15:00:37,brochure details shared,Katya,zcrm_480426000004218386
zcrm_480426000004831776,2026-06-02 15:00:02,details shared,Katya,zcrm_480426000004225019
zcrm_480426000004831758,2026-06-02 14:59:17,shared brochure,Katya,zcrm_480426000004225087
zcrm_480426000004831746,2026-06-02 14:58:44,shared details,Katya,zcrm_480426000004225122
zcrm_480426000004831734,2026-06-02 14:58:10,brochure shared,Katya,zcrm_480426000004225189
zcrm_480426000004452738,2026-05-21 15:33:06,Shared the details on whatsapp,Katya,zcrm_480426000004225205
zcrm_480426000004831716,2026-06-02 14:47:58,shared brochure<br><span><br></span>,Katya,zcrm_480426000004225338
zcrm_480426000004578151,2026-05-22 17:02:16,Hung up no answer,Vikram,zcrm_480426000004225372
zcrm_480426000004831698,2026-06-02 14:44:45,shared brochure on whatsapp,Katya,zcrm_480426000004225390
zcrm_480426000004578136,2026-05-22 17:00:13,Not interested spoke over call,Vikram,zcrm_480426000004225407
zcrm_480426000004831686,2026-06-02 14:27:06,brochure shared on whatsapp,Katya,zcrm_480426000004225442
zcrm_480426000004578127,2026-05-22 15:39:08,RNR,Vikram,zcrm_480426000004225474
zcrm_480426000004452854,2026-05-21 16:16:03,sent the details via whatsapp,Katya,zcrm_480426000004225490
zcrm_480426000004831670,2026-06-02 14:23:16,clciked by mistake,Katya,zcrm_480426000004231001
zcrm_480426000004831658,2026-06-02 14:22:22,shared the brochure,Katya,zcrm_480426000004231035
zcrm_480426000004831646,2026-06-02 14:21:04,shared brochure,Katya,zcrm_480426000004231086
zcrm_480426000004452794,2026-05-21 15:49:27,shared all details,Katya,zcrm_480426000004231203
zcrm_480426000004831634,2026-06-02 14:19:48,details shared,Katya,zcrm_480426000004231268
zcrm_480426000004578119,2026-05-22 15:24:26,RNR,Vikram,zcrm_480426000004231300
zcrm_480426000004831622,2026-06-02 14:18:55,sent brochure via whatsapp,Katya,zcrm_480426000004240052
zcrm_480426000004578080,2026-05-22 15:17:00,He doesn't know what we are talking about,Vikram,zcrm_480426000004240315
zcrm_480426000004831354,2026-06-02 13:13:43,Messaged on whatsapp,Katya,zcrm_480426000004240332
zcrm_480426000004831366,2026-06-02 13:14:12,not picking calls,Katya,zcrm_480426000004240349
zcrm_480426000004831382,2026-06-02 13:15:31,shared details on whatsapp,Katya,zcrm_480426000004248018
zcrm_480426000004831610,2026-06-02 14:12:57,brochure shared on whatsapp,Katya,zcrm_480426000004248104
zcrm_480426000004831598,2026-06-02 14:10:30,shared details on whatsapp,Katya,zcrm_480426000004248121
zcrm_480426000004452830,2026-05-21 15:53:36,shared details,Katya,zcrm_480426000004248155
zcrm_480426000004578089,2026-05-22 15:22:56,Only willing to buy at retail,Vikram,zcrm_480426000004248217
zcrm_480426000004578098,2026-05-22 15:23:25,Don't want to pay after market price,Vikram,zcrm_480426000004248217
zcrm_480426000004831586,2026-06-02 14:09:30,shared brochure,Katya,zcrm_480426000004248283
zcrm_480426000004831574,2026-06-02 14:08:19,brochure shared,Katya,zcrm_480426000004248317
zcrm_480426000004505262,2026-05-22 10:28:24,Message sent waiting for response,Vikram,zcrm_480426000004248350
zcrm_480426000004831562,2026-06-02 14:07:04,brochure shaid via whatsapp,Katya,zcrm_480426000004248366
zcrm_480426000004831546,2026-06-02 14:05:56,he didnt click any campaign,Katya,zcrm_480426000004248382
zcrm_480426000004831534,2026-06-02 14:05:30,shared details via whatsapp,Katya,zcrm_480426000004248416
zcrm_480426000004831522,2026-06-02 14:03:58,shared the details via whatsapp,Katya,zcrm_480426000004269035
zcrm_480426000004831504,2026-06-02 13:32:31,details shared,Katya,zcrm_480426000004269242
zcrm_480426000004452806,2026-05-21 15:51:12,sent details on whatsapp,Katya,zcrm_480426000004269258
zcrm_480426000004452766,2026-05-21 15:39:12,not interested he did not tap our add,Katya,zcrm_480426000004269275
zcrm_480426000004831492,2026-06-02 13:29:43,shared details on whatsapp,Katya,zcrm_480426000004269360
zcrm_480426000004831480,2026-06-02 13:28:24,details shared on whatsapp,Katya,zcrm_480426000004269394
zcrm_480426000004573008,2026-05-22 10:55:11,not interested in the product,Katya,zcrm_480426000004269465
zcrm_480426000004505254,2026-05-22 10:26:48,Message sent waiting for response,Vikram,zcrm_480426000004269482
zcrm_480426000004486030,2026-05-21 17:25:33,shared details,Katya,zcrm_480426000004269533
zcrm_480426000004452932,2026-05-21 17:15:46,details shared via whatsapp,Katya,zcrm_480426000004273052
zcrm_480426000004831456,2026-06-02 13:27:11,details shared on whatsapp,Katya,zcrm_480426000004273086
zcrm_480426000004831438,2026-06-02 13:25:53,details shared on whatsapp,Katya,zcrm_480426000004273103
zcrm_480426000004452984,2026-05-21 17:20:10,shared details via whatsapp,Katya,zcrm_480426000004273154
zcrm_480426000004831424,2026-06-02 13:23:17,shared details via whatsapp,Katya,zcrm_480426000004273171
zcrm_480426000004831412,2026-06-02 13:21:38,shared details via whatsapp,Katya,zcrm_480426000004273238
zcrm_480426000004452866,2026-05-21 16:17:12,shared details on whatsapp,Katya,zcrm_480426000004273254
zcrm_480426000004452972,2026-05-21 17:19:08,shared details via whatsapp,Katya,zcrm_480426000004273271
zcrm_480426000004831394,2026-06-02 13:20:20,brochure shared via whatsapp,Katya,zcrm_480426000004273321
zcrm_480426000004452920,2026-05-21 17:14:39,shared details via whatsapp,Katya,zcrm_480426000004273355
zcrm_480426000004452950,2026-05-21 17:17:48,sent details via whatsapp,Katya,zcrm_480426000004273422
zcrm_480426000004505246,2026-05-22 10:23:00,Message sent waiting for response,Vikram,zcrm_480426000004273438
zcrm_480426000004505226,2026-05-22 10:18:54,Message sent waiting for response,Vikram,zcrm_480426000004273503
zcrm_480426000004452956,2026-05-21 17:18:11,responded via whatsapp saying he is not interested,Katya,zcrm_480426000004274018
zcrm_480426000004456024,2026-05-21 11:20:00,<p>Did no</p>,Vikram,zcrm_480426000004274140
zcrm_480426000004452902,2026-05-21 17:12:29,shared details,Katya,zcrm_480426000004274157
zcrm_480426000004486014,2026-05-21 17:23:57,he is not interested in sourcing it,Katya,zcrm_480426000004274328
zcrm_480426000004486002,2026-05-21 17:21:34,shared details via whatsapp,Katya,zcrm_480426000004274345
zcrm_480426000004505218,2026-05-22 10:15:51,Message sent waiting for response,Vikram,zcrm_480426000004274445
zcrm_480426000004831338,2026-06-02 13:11:23,he was not aware of this and said no and hung up,Katya,zcrm_480426000004274462
zcrm_480426000004505210,2026-05-22 10:14:02,Message sent waiting for response,Vikram,zcrm_480426000004274479
zcrm_480426000004505202,2026-05-22 10:12:19,Message sent waiting for response,Vikram,zcrm_480426000004274496
zcrm_480426000004452842,2026-05-21 15:56:10,shared all details via whatsapp,Katya,zcrm_480426000004277035
zcrm_480426000004452540,2026-05-21 15:01:35,she does not recall enquiring and she is notinterested,Katya,zcrm_480426000004277202
zcrm_480426000004452878,2026-05-21 16:54:30,details shared via whatsapp,Katya,zcrm_480426000004277287
zcrm_480426000004505194,2026-05-22 10:10:51,Message sent waiting for response,Vikram,zcrm_480426000004277321
zcrm_480426000004505186,2026-05-22 10:05:54,Message sent waiting for response,Vikram,zcrm_480426000004277354
zcrm_480426000004505178,2026-05-22 10:02:42,Message sent waiting for response,Vikram,zcrm_480426000004277387
zcrm_480426000004505170,2026-05-22 10:00:24,Message sent waiting for response<br><span><br></span>,Vikram,zcrm_480426000004277421
zcrm_480426000004452750,2026-05-21 15:35:59,he is not interested,Katya,zcrm_480426000004277439
zcrm_480426000004452726,2026-05-21 15:30:54,shared the details via whatsapp,Katya,zcrm_480426000004277456
zcrm_480426000004505162,2026-05-22 09:58:40,Message sent waiting for response,Vikram,zcrm_480426000004277473
zcrm_480426000004452714,2026-05-21 15:28:28,sent details via whatsapp,Katya,zcrm_480426000004279052
zcrm_480426000004452702,2026-05-21 15:26:19,shared details via whatsapp,Katya,zcrm_480426000004279120
zcrm_480426000004452690,2026-05-21 15:24:49,Shared the details via Whatsapp,Katya,zcrm_480426000004279154
zcrm_480426000004505154,2026-05-22 09:57:04,Message sent waiting for response,Vikram,zcrm_480426000004279172
zcrm_480426000004452672,2026-05-21 15:21:26,shared details via whatsapp,Katya,zcrm_480426000004279222
zcrm_480426000004452656,2026-05-21 15:17:39,tapped the add by mistake,Katya,zcrm_480426000004279239
zcrm_480426000004505037,2026-05-21 18:22:15,Have texted and waiting for response <br><span><br></span>,Vikram,zcrm_480426000004279256
zcrm_480426000004452644,2026-05-21 15:15:49,shared details via whatsapp,Katya,zcrm_480426000004279323
zcrm_480426000004452632,2026-05-21 15:14:47,shared details via whatsapp,Katya,zcrm_480426000004280153
zcrm_480426000004251101,2026-05-18 15:17:17,<p>No answer </p>,Vikram,zcrm_480426000004280203
zcrm_480426000004452620,2026-05-21 15:12:41,shared details via whatsapp,Katya,zcrm_480426000004280220
zcrm_480426000004452608,2026-05-21 15:08:08,shared details via whatsapp,Katya,zcrm_480426000004280270
zcrm_480426000004505140,2026-05-22 09:51:54,Message sent waiting for response,Vikram,zcrm_480426000004280287
zcrm_480426000004505132,2026-05-22 09:49:45,Message sent waiting for response,Vikram,zcrm_480426000004280316
zcrm_480426000004505112,2026-05-22 09:45:22,Message sent waiting for response,Vikram,zcrm_480426000004280500
zcrm_480426000004452592,2026-05-21 15:06:37,"had called him , he said not interested thanks",Katya,zcrm_480426000004280517
zcrm_480426000004265045,2026-05-18 10:07:45,<p>Person not available</p>,Vikram,zcrm_480426000004283002
zcrm_480426000004452580,2026-05-21 15:06:14,shared details via whatsapp,Katya,zcrm_480426000004283036
zcrm_480426000004264151,2026-05-18 10:06:12,<p>Person said he has no idea what i am talking about</p>,Vikram,zcrm_480426000004283053
zcrm_480426000004452568,2026-05-21 15:04:44,shared the details,Katya,zcrm_480426000004283155
zcrm_480426000004452556,2026-05-21 15:02:42,shared the details via whatsapp,Katya,zcrm_480426000004283220
zcrm_480426000004505104,2026-05-22 09:43:58,Message sent waiting for response,Vikram,zcrm_480426000004283254
zcrm_480426000004452528,2026-05-21 15:00:37,shared details via whatsapp,Katya,zcrm_480426000004283288
zcrm_480426000004452516,2026-05-21 14:59:36,shared the details via whatsapp,Katya,zcrm_480426000004283321
zcrm_480426000004505096,2026-05-22 09:42:03,Message sent waiting for response,Vikram,zcrm_480426000004307034
zcrm_480426000004578071,2026-05-22 15:15:09,RNR,Vikram,zcrm_480426000004307051
zcrm_480426000004452175,2026-05-20 15:22:50,details shared via whatsapp,Katya,zcrm_480426000004329052
zcrm_480426000004505088,2026-05-22 09:40:26,Message sent waiting for response,Vikram,zcrm_480426000004329069
zcrm_480426000004452504,2026-05-21 14:57:43,shared details via whatsapp,Katya,zcrm_480426000004329119
zcrm_480426000004578063,2026-05-22 15:13:10,RNR,Vikram,zcrm_480426000004329135
zcrm_480426000004452492,2026-05-21 14:54:42,shared details via whatsapp,Katya,zcrm_480426000004339035
zcrm_480426000004505080,2026-05-22 09:38:29,Message sent waiting for response<br><span><br></span>,Vikram,zcrm_480426000004339051
zcrm_480426000004452480,2026-05-21 14:54:06,shared the details via whatsapp,Katya,zcrm_480426000004345018
zcrm_480426000004452151,2026-05-20 15:19:01,shared the details,Katya,zcrm_480426000004345034
zcrm_480426000004452139,2026-05-20 15:14:44,Details shared,Katya,zcrm_480426000004353050
zcrm_480426000004452127,2026-05-20 15:10:43,shared details via whatsapp,Katya,zcrm_480426000004356052
zcrm_480426000004578055,2026-05-22 15:11:15,Not willing to pay premium,Vikram,zcrm_480426000004356084
zcrm_480426000004452163,2026-05-20 15:19:20,shared details,Katya,zcrm_480426000004356135
zcrm_480426000004578047,2026-05-22 15:05:32,Texted and no response,Vikram,zcrm_480426000004371002
zcrm_480426000004578039,2026-05-22 15:04:40,No answer of call,Vikram,zcrm_480426000004371019
zcrm_480426000004452462,2026-05-21 14:48:45,Shared details over whatsapp,Katya,zcrm_480426000004371036
zcrm_480426000004452434,2026-05-21 14:32:46,shared detils via whatsapp,Katya,zcrm_480426000004379001
zcrm_480426000004452422,2026-05-21 14:30:25,setn details on whatsapp,Katya,zcrm_480426000004380035
zcrm_480426000004452446,2026-05-21 14:43:57,he is sending emojis but no conversatios,Katya,zcrm_480426000004384002
zcrm_480426000004452398,2026-05-21 13:20:44,sent the details on whatsapp,Katya,zcrm_480426000004385033
zcrm_480426000004452259,2026-05-21 10:27:27,details shared via whatsapp,Katya,zcrm_480426000004400034
zcrm_480426000004452223,2026-05-21 09:52:55,shared details via whatsapp,Katya,zcrm_480426000004400112
zcrm_480426000004452235,2026-05-21 10:23:05,sent details via whatsapp,Katya,zcrm_480426000004406050
zcrm_480426000004452081,2026-05-20 13:07:07,chatting with details via whatsapp,Katya,zcrm_480426000004410001
zcrm_480426000004452087,2026-05-20 13:14:05,doesnt want to purchase it,Katya,zcrm_480426000004410001
zcrm_480426000004452818,2026-05-21 15:51:47,shared details,Katya,zcrm_480426000004410117
zcrm_480426000004452199,2026-05-21 09:50:39,shared details over whatsapp,Katya,zcrm_480426000004434037
zcrm_480426000004452211,2026-05-21 09:52:04,shared the details over whatsapp,Katya,zcrm_480426000004442019
zcrm_480426000004452069,2026-05-20 13:01:34,messaged on whatsapp,Katya,zcrm_480426000004449001
zcrm_480426000004452115,2026-05-20 14:44:25,details and cost shared,Katya,zcrm_480426000004449018
zcrm_480426000004484007,2026-05-21 15:54:08,Isn’t willing to pay premium and not interested in joint community as well,Vikram,zcrm_480426000004449053
zcrm_480426000004484010,2026-05-21 15:54:41,He's too poor to afford it,Vikram,zcrm_480426000004449053
zcrm_480426000004483026,2026-05-21 15:04:07,Wrong number and fake name,Vikram,zcrm_480426000004458001
zcrm_480426000004483009,2026-05-21 14:59:29,Have reached out waiting for response,Vikram,zcrm_480426000004458018
zcrm_480426000004483017,2026-05-21 15:03:16,Have reached out waiting for response,Vikram,zcrm_480426000004458018
zcrm_480426000004452271,2026-05-21 10:27:58,shared details via Whatsapp,Katya,zcrm_480426000004458035
zcrm_480426000004483007,2026-05-21 14:56:20,Texted waiting for response,Vikram,zcrm_480426000004462018
zcrm_480426000004505051,2026-05-21 18:29:28,Number not available on WhatsApp and not answering call,Vikram,zcrm_480426000004462035
zcrm_480426000004452045,2026-05-20 12:58:59,shared cost,Katya,zcrm_480426000004463001
zcrm_480426000004452103,2026-05-20 14:38:20,Shared details and costing with the client,Katya,zcrm_480426000004463053
zcrm_480426000004452386,2026-05-21 13:15:15,details and cost shared on whatsapp,Katya,zcrm_480426000004463087
zcrm_480426000004452033,2026-05-20 12:57:31,send cost details,Katya,zcrm_480426000004464018
zcrm_480426000004452247,2026-05-21 10:24:42,sent details via whatsapp,Katya,zcrm_480426000004464069
zcrm_480426000004452410,2026-05-21 14:24:11,sent out a message via whatsapp,Katya,zcrm_480426000004464103
zcrm_480426000004482018,2026-05-21 13:58:27,Texted and waiting for the response,Vikram,zcrm_480426000004471001
zcrm_480426000004482010,2026-05-21 13:51:13,Texted send the official catalog for swatch waiting for response<br><span><br></span>,Vikram,zcrm_480426000004471036
zcrm_480426000004452187,2026-05-20 15:34:58,shared the details via whatsapp,Katya,zcrm_480426000004473001
zcrm_480426000004482001,2026-05-21 13:45:55,Tried calling but didn’t respond so have texted him with the catalog link,Vikram,zcrm_480426000004473052
zcrm_480426000004472073,2026-05-21 12:03:58,dgasg,Admin @ Indulge,zcrm_480426000004475002
zcrm_480426000004831326,2026-06-02 13:10:39,the cataolog has been shared via whatsapp,Katya,zcrm_480426000004500018
zcrm_480426000004831314,2026-06-02 13:05:04,shared the catalogue on whatsapp,Katya,zcrm_480426000004504002
zcrm_480426000004831302,2026-06-02 13:03:45,shared details on whatsapp,Katya,zcrm_480426000004504019
zcrm_480426000004578031,2026-05-22 14:56:57,Looking for retail price only not interested in joining community where pieces are sold at premium,Vikram,zcrm_480426000004504036
zcrm_480426000004831290,2026-06-02 13:02:28,shared details via whatsapp,Katya,zcrm_480426000004518002
zcrm_480426000004831278,2026-06-02 13:01:12,<br> tapped by mistake,Katya,zcrm_480426000004532002
zcrm_480426000004578023,2026-05-22 14:54:28,Too expensive over the phone call said i can put 4/5L more and get a rolex,Vikram,zcrm_480426000004540001
zcrm_480426000004680044,2026-05-28 10:31:12,shared details via whatsapp,Katya,zcrm_480426000004540035
zcrm_480426000004578015,2026-05-22 14:52:07,Called and he said no,Vikram,zcrm_480426000004552018
zcrm_480426000004578007,2026-05-22 14:50:45,Called but no response cant text as whatsapp is blocked,Vikram,zcrm_480426000004560002
zcrm_480426000004680032,2026-05-28 10:20:21,shared all details via whatsapp,Katya,zcrm_480426000004565052
zcrm_480426000004575009,2026-05-22 13:09:33,Sent message waiting for response,Vikram,zcrm_480426000004574001
zcrm_480426000004714015,2026-05-29 10:28:55,Have texted and shared the catalog,Vikram,zcrm_480426000004579034
zcrm_480426000004831266,2026-06-02 13:00:39,shared details on whatsapp,Katya,zcrm_480426000004599102
zcrm_480426000004680020,2026-05-28 10:17:55,details and cost shared via whatsapp,Katya,zcrm_480426000004606035
zcrm_480426000004680008,2026-05-28 10:16:33,Details and cost shared via whatsapp,Katya,zcrm_480426000004662018
zcrm_480426000004714007,2026-05-29 10:24:09,Have texted and shared the watch catalog,Vikram,zcrm_480426000004662070
zcrm_480426000004831008,2026-06-02 10:27:23,sent a message via whatsapp,Katya,zcrm_480426000004760135
zcrm_480426000004831020,2026-06-02 10:30:17,shared the catalogue via Whatsapp,Katya,zcrm_480426000004762054
zcrm_480426000004873017,2026-06-03 15:41:17,Texted and got no response,Vikram,zcrm_480426000004770071
zcrm_480426000004873007,2026-06-03 15:40:18,Have texted waiting for response<br><span><br></span>,Vikram,zcrm_480426000004827018
zcrm_480426000004859007,2026-06-02 14:30:09,He’s asking if we sell first copy or original products,Vikram,zcrm_480426000004830003
zcrm_480426000004873015,2026-06-03 15:40:50,Have texted waiting for response <br><span><br></span>,Vikram,zcrm_480426000004854100
zcrm_480426000004870008,2026-06-03 11:14:28,"I have given him a call he did not receive , will do a follow up call in the evening as my whatsapp is blocked",Katya,zcrm_480426000004856018
zcrm_480426000004942008,2026-06-04 10:02:49,"i called her on 4th ,she asked to connect on 5th, whatsapp message shared this morning on 5th",Katya,zcrm_480426000004861069
zcrm_480426000005156009,2026-06-11 14:59:01,Vikram has already reached out to the client,Katya,zcrm_480426000004913075
zcrm_480426000005156035,2026-06-11 15:08:35,shared the brochure of watches,Katya,zcrm_480426000004922187
zcrm_480426000005156022,2026-06-11 15:00:33,vikram has taken over the lead,Katya,zcrm_480426000004959187
zcrm_480426000005156087,2026-06-11 17:23:22,shared brochure<br><span><br></span>,Katya,zcrm_480426000004992052
zcrm_480426000005156061,2026-06-11 15:12:45,shared the brochure,Katya,zcrm_480426000005000071
zcrm_480426000005156048,2026-06-11 15:08:50,shared the brochure,Katya,zcrm_480426000005048037
zcrm_480426000005156100,2026-06-11 17:24:57,shared the brochure,Katya,zcrm_480426000005086019
zcrm_480426000005156074,2026-06-11 17:21:39,shared the brochure <br><span><br></span>,Katya,zcrm_480426000005141001
zcrm_480426000005156113,2026-06-11 17:33:03,shared the brochure,Katya,zcrm_480426000005142034