keep,absorb,note
23rd Street Pizza,23 Street Pizza,
Aarya Floral Design,Aarya Floral Designs,
Addonis,Adonis,
Airport Protocol,Airport protocal,
Akasa Air,Akasa Ait,
Amazon,Amazon Canada,
Amazon,Amazon EU S.à r.l. (Amazon.co.uk),
Amazon,Amazon Marketplace (AMAZON MKTPLACE PMT / AMAZON RETAIL),
Amazon,Amazon Pay Groceries,
Amazon,Amazon Quick,
Amazon,Amazon UK,
Amazon,Amazon US,
Americano,MAericano,
Amintiri,Amintri,
Ankit,Ankit Kumar,
Aparthotel Quartier Libre Opéra,Aparthotel Quartier Libre Marais,
Avatara,Avtaara,
Avtara,Navtara,
Baan Phad Thai,Ban Phad Thai,
Bacchanalia,Baccanalia,
Bacchanalia,Bachanalia,
Baglami,Balgami,
Baoshan,Bao Shaan,
Bastian Riviera,Bastian Riveira,
Bastian Riviera,Bastian Rivera,
Bastian Riviera,Bastin Rivera,
Blinkit,Bllinkit,
Blue Dart,Blurdart,
Bombay Hampers,Bombay Hamper,
Burma Burma,Buma Burma,
Cafe Del Mar,Cafe El Mar,
Café de l'Homme,Cafe lhomme,
Call Me Ten,Call Me Tan,
Carbone,Carbonne,
Carbone London,Carbonne London,
Cathay Pacific,Cathay Pacific Airways,
Cavo Paradiso,Cava paradiso,
Chetan,chethan,
Chilli Fagara,Chilli Figara,
Chimiya,Chimiyya,
Clap Dubai,Clay Dubai,
CÉ LA VI Singapore,CÉ LA VI Singapore,
Desertcart,desercart,
Desertcart,dessertcart,
Dior Cafe,Dior Café,
Diptyque,Diptique,
District,Distrikt,
Dream Set Go,DreamsetGoa (Dreamsetgo / DREAMSETGO),
Dream Set Go,Dremsetgo,
EaseMyTrip,Easmytrip,
Erawan,Eraawan,
Fairmont Mumbai,Fairmount Mumbai,
FanToPark,Fan2ToPark,
FanToPark,FantoPar,
Ferns N Petals,Ferns and Petals,
FINNS Beach Club,Fins Beach Club,
Fiorella,Fiorela,
Fiorella,Forella,
Floral World,Floral Worls,
Gain access,Gain Acceess,
Gainaccess Sports & Entertainment LLP,Gain access,canonical
GetYourGuide,GetYourGuide Tours & Tickets GmbH,
Girafe,Giraffe,
grand cabs goa,Grind cabs Goa,
Gymkhana,Gymkhanna,
Home Essentials,homessentials,
Hôtel de Crillon,Hotel de Crillon,
Instamart,Instacart,
Jamavar,Jamawar,
Jessica McCormack,Jessica Maccormack,
Jignesh,Jignes,
JPK EXCLUSIVES,JPK Exclusive,
Kandy Farms,kandy farm,
Khushbu,Khusbhu,
La Chateau,Lau Chateau,
La Favela,La Favola,
La Favela,Lafavella,
La Loca Maria,La Loca María,
Le Chateau,Le Chateu,
Leda Fagundes Beauty,Leda Fangundes Beauty,
Loro Piana,Loro Piano,
LuxDrovia,Loxdrovia,
LuxDrovia,Luc Drovia,
LuxDrovia,LuxDrovi,
LuxDrovia,Luxudrovia,
LuxDrovia,rol drive x luxdrovia,
LuxDrovia,shamsher is going to pick it up,
LuxDrovia,Shamsher Runner will reach between 2:30 - 3 pm,
LuxDrovia,Shamsher x Luxdrovia,
Mainstreet,Main streat,
Marks and Spencer,Mark and Spencer,
Marks and Spencer,Mark's and spence,
Marriott,Marriot,
Mayan Beach Club,Maja Beach Club,
Monkey Bar,Money Bar,
N FLY,NFLY waiting for the vendor bill - not paid - NFLy gives bulk bill,
Nails Lab,Nailslabs,
Novikov,Nokikov,
O Pedro,O Pedros,
On Point Express LLP,M/S On Point Express LLP,
One Roze,One Rose,
Organiser,Organisor,
Perfect Holidays,Perfect Holiday,
Personal Payment,Personal Paymnt,
Peshawari,Peshwari,
Pizza 4P's,PUZZA 4P'S,
Planta Queen,Panta Queen,
plugglobalkicks,pluggalobakicks,
plugglobalkicks,pluggglobalkicks,
plugglobalkicks,plugglobalbicks,
plugglobalkicks,plugglobalblicks,
plugglobalkicks,plugglobalclicks,
plugglobalkicks,pluggobalkickcs,
Plus Pay,Pluspy,
Porter,Poerter,
Pretty Petals,Pretty petels,
Primero,Preimero,
Primero,Primeri,
primero jets,Premero Jets,
RentoMojo,RENTMOJO,
Rolddrive,rol-drive,
Rolddrive,Rolsdrive,
Roldrive,RoIDrive,
Roldrive,Roldrive is still checking,
Roldrive,Roldriver,
Roldrive,Rooldrive,
Rue du Liban,Rue de Liban,
Rue du Liban,Rue Di Liban,
Sabyasachi,Sabhyasachi,
Sai Secretarial Services,Sai Secretial Services,
Samsher,sahmsher,
Sandeep Wellness,Sanddep wellness,
sandeep wellness forever,Sandeep Welness Forever,
Scorpios,Scorpio,
Scorpios,Scorpions,
Scorpios Mykonos,Scorpio Mykonos,
SE INTERNATIONAL ENTERTAINMENT LLP,SG International Entertainment LLP,
Second House,Second Hous,
Sephora,Saphora,
Shubham,Shubahm,
Shubham,Shubham Options awaiting,
Shubham,Shumbham,
Skinerva Clinic,Skinvera Clinic,
Skydive Dubai,Sky dive Duubai,
Stayfari,Stayfair,
Tonino,Toninos,
Travibes,Travaibes,
Travibes,Travivbes,
Treforni (Park Hyatt Hyderabad),Trifoni (Park Hyatt Hyderabad),
Tresind,Trescind,
Tumbledry,Tumbeldry,
Turkish House Restaurant,11 Turkish House Restaurant,
Una Hacienda,Una hacinenda,
United Airlines,United (airline),
Wellness forever,welness forever,
